applicant_id,credit_score,annual_income,loan_amount,num_defaults,employment_years,age,loan_purpose,neighborhood_risk_score,bank_id,voice_transcript,context_score,approved
APP-0000,694,97607.43,10003.58,2,8.0,42,education,7.3,A,,,0
APP-0001,637,78832.78,13754.13,1,12.7,34,home,7.9,A,,,0
APP-0002,708,53414.24,9324.06,0,2.3,39,education,8.9,A,,,1
APP-0003,787,38866.09,12469.35,0,7.2,46,car,10.0,A,,,1
APP-0004,628,71196.54,4815.7,0,13.9,31,education,8.0,B,,,1
APP-0005,628,62073.06,17047.89,0,0.0,37,business,8.8,C,,,1
APP-0006,792,77795.27,15010.85,0,8.2,34,home,10.0,A,,,1
APP-0007,719,69204.86,9187.07,0,4.3,21,home,8.6,C,,,1
APP-0008,607,83391.17,22277.95,0,7.6,47,home,10.0,A,,,1
APP-0009,698,40869.66,26326.93,0,10.5,59,education,10.0,A,,,0
APP-0010,608,94073.0,5717.4,0,8.1,27,education,7.3,A,,,1
APP-0011,608,56835.64,9491.68,0,1.9,47,personal,8.0,A,,,1
APP-0012,671,132305.17,9455.2,1,4.5,27,home,7.1,C,,,1
APP-0013,477,38134.11,8534.43,0,14.1,38,business,7.8,A,,,1
APP-0014,494,113570.91,24673.63,0,8.6,53,education,6.3,B,,,1
APP-0015,599,56843.6,13353.18,0,11.2,31,personal,8.4,B,,,1
APP-0016,558,38787.79,12798.67,1,8.3,36,home,9.9,C,,,0
APP-0017,678,41825.04,4507.46,0,11.0,21,home,10.0,A,,,1
APP-0018,568,45019.13,21961.72,0,5.0,29,education,8.6,A,,,0
APP-0019,522,62936.0,7131.31,0,3.2,21,business,9.6,A,,,1
APP-0020,781,65793.41,15549.21,0,10.8,41,personal,6.4,B,,,1
APP-0021,629,40168.32,17716.14,1,12.6,46,car,10.0,A,,,0
APP-0022,656,51433.21,33934.95,0,2.4,34,car,6.6,C,,,0
APP-0023,521,136355.49,6839.8,1,4.1,40,personal,8.3,B,,,0
APP-0024,601,113141.38,3000.0,0,6.2,33,home,7.5,B,,,1
APP-0025,659,63281.27,16749.36,0,15.1,45,education,8.7,B,,,1
APP-0026,546,52896.93,44183.74,0,9.8,38,home,8.7,A,,,0
APP-0027,683,54885.97,31545.09,1,0.4,21,car,7.1,B,,,0
APP-0028,595,68533.78,17010.76,1,6.5,47,business,6.9,C,,,0
APP-0029,623,32818.33,11168.18,0,5.8,32,business,10.0,C,,,1
APP-0030,595,46313.07,24344.93,0,1.1,23,home,9.3,C,,,0
APP-0031,816,24541.88,8363.88,0,6.5,32,home,9.4,C,,,1
APP-0032,648,62233.54,19962.69,0,5.5,21,business,9.6,A,,,1
APP-0033,554,69580.33,20314.45,0,5.2,23,car,8.9,A,,,1
APP-0034,724,41838.2,28337.22,0,5.0,38,personal,8.2,A,,,0
APP-0035,540,105587.26,78558.71,1,14.4,39,home,10.0,A,,,0
APP-0036,668,29953.59,18982.16,1,5.2,40,education,10.0,A,,,0
APP-0037,473,26904.0,11052.67,0,7.2,37,personal,10.0,B,,,0
APP-0038,530,57526.58,14771.59,0,6.7,29,education,8.2,B,,,1
APP-0039,667,83299.12,5189.33,0,4.5,36,home,9.8,C,,,1
APP-0040,716,110942.4,9887.02,1,7.4,32,education,6.5,B,,,1
APP-0041,665,42298.25,11733.88,0,7.3,21,home,8.1,C,,,1
APP-0042,639,84491.43,10952.82,0,7.4,28,home,10.0,A,,,1
APP-0043,622,51106.66,16435.82,0,2.7,46,personal,9.2,A,,,1
APP-0044,516,48113.43,9157.73,0,6.0,54,business,8.1,B,,,1
APP-0045,585,77392.56,29390.42,1,10.8,44,education,8.5,A,,,0
APP-0046,608,69741.04,15001.86,0,6.1,53,home,10.0,A,,,1
APP-0047,745,25581.44,14916.53,0,7.8,37,car,10.0,A,,,1
APP-0048,680,101057.22,12321.1,0,7.8,56,car,9.4,A,,,1
APP-0049,491,96764.95,16463.81,0,9.1,59,education,6.2,B,,,1
APP-0050,679,39241.72,24608.92,0,9.8,21,business,10.0,B,,,0
APP-0051,615,62137.85,8915.33,0,6.1,39,home,8.6,B,,,1
APP-0052,589,64946.07,10106.52,0,2.4,37,business,9.0,B,,,1
APP-0053,705,58471.94,12501.07,0,0.9,32,car,10.0,A,,,1
APP-0054,742,40593.44,6689.42,0,12.1,42,home,10.0,A,,,1
APP-0055,733,38436.72,9175.12,0,10.9,37,car,10.0,A,,,1
APP-0056,574,51405.46,11271.95,0,10.2,28,home,6.2,A,,,1
APP-0057,622,88143.99,25347.59,0,11.1,36,car,8.2,B,,,1
APP-0058,679,66411.07,17559.36,1,6.2,50,personal,7.6,C,,,1
APP-0059,737,44012.22,16847.53,0,3.9,39,car,10.0,B,,,1
APP-0060,606,73589.93,24992.83,0,2.1,43,personal,10.0,A,,,1
APP-0061,633,18000.0,13813.23,1,1.6,33,home,9.5,B,,,0
APP-0062,550,87198.6,18959.95,0,13.1,41,personal,7.3,B,,,1
APP-0063,542,23768.77,14099.19,0,4.5,23,education,10.0,B,,,0
APP-0064,723,44174.39,17588.89,1,12.3,31,personal,8.4,B,,,1
APP-0065,772,31418.35,10573.97,0,6.1,35,car,7.9,B,,,1
APP-0066,643,29038.92,3472.1,3,3.6,22,business,8.5,B,,,0
APP-0067,740,87673.16,13838.89,0,1.5,27,personal,7.4,B,,,1
APP-0068,682,42130.76,35222.99,0,4.1,40,car,8.1,A,,,0
APP-0069,591,60774.51,26148.18,1,14.1,38,car,10.0,B,,,0
APP-0070,682,50913.57,26770.18,0,1.6,45,home,5.9,A,,,1
APP-0071,788,64451.44,31491.85,0,17.6,30,personal,7.5,A,,,1
APP-0072,646,53829.07,15819.52,1,2.8,37,home,9.0,C,,,0
APP-0073,790,29192.07,16885.24,0,10.7,29,home,10.0,C,,,1
APP-0074,414,81415.35,10354.89,1,6.3,44,car,10.0,A,,,0
APP-0075,723,41639.67,12408.81,1,5.4,50,car,10.0,B,,,1
APP-0076,657,25810.51,21704.35,0,0.6,42,business,7.4,A,,,0
APP-0077,623,42887.99,30888.4,1,6.5,48,car,6.5,B,,,0
APP-0078,658,102164.64,13796.05,1,1.2,37,education,7.9,C,,,1
APP-0079,471,76236.74,11449.39,0,0.0,45,personal,7.5,C,,,1
APP-0080,630,44449.35,15004.75,0,7.6,37,car,7.6,B,,,1
APP-0081,682,44437.24,21515.51,0,3.8,25,education,9.4,A,,,1
APP-0082,783,44993.05,6307.49,0,15.4,39,car,9.7,B,,,1
APP-0083,603,132393.73,3782.34,0,12.0,26,education,5.9,A,,,1
APP-0084,577,61751.28,10780.38,0,15.5,62,car,8.0,C,,,1
APP-0085,604,63102.63,7211.11,0,3.6,33,business,7.7,C,,,1
APP-0086,732,82671.2,11058.13,2,7.7,44,home,7.8,B,,,0
APP-0087,679,57898.93,13727.24,1,0.0,36,home,9.8,A,,,1
APP-0088,602,46278.37,11428.4,0,5.6,23,education,7.7,A,,,1
APP-0089,696,47602.55,35856.71,2,7.5,21,car,8.3,A,,,0
APP-0090,658,50351.24,18248.76,1,7.8,45,business,8.6,C,,,0
APP-0091,737,51136.25,17963.37,1,6.8,54,home,9.2,B,,,1
APP-0092,586,72144.93,21788.33,0,7.3,28,education,9.1,A,,,1
APP-0093,620,53229.85,7574.22,0,0.0,21,car,10.0,B,,,1
APP-0094,614,72307.78,27980.76,0,8.3,33,education,9.5,C,,,1
APP-0095,518,50145.12,14333.39,0,9.4,26,car,10.0,A,,,1
APP-0096,676,53873.01,22428.64,1,13.7,29,home,8.7,C,,,0
APP-0097,673,21158.75,7884.79,0,8.8,43,car,8.5,C,,,1
APP-0098,650,78538.67,5904.97,0,6.3,36,business,7.7,C,,,1
APP-0099,628,60774.09,24502.72,0,12.5,27,home,7.9,A,,,1
APP-0100,522,81479.24,18800.73,0,0.0,43,personal,9.0,A,,,1
APP-0101,612,18000.0,8730.47,0,4.4,44,personal,7.5,A,,,0
APP-0102,619,133088.24,8901.79,0,3.2,33,car,8.0,A,,,1
APP-0103,577,48834.08,29468.18,0,6.8,38,education,9.1,A,,,0
APP-0104,635,85620.61,7347.82,0,0.0,42,car,9.4,B,,,1
APP-0105,686,32566.56,40191.44,1,13.6,41,home,8.6,B,,,0
APP-0106,819,68510.84,8737.97,0,5.8,37,education,7.4,C,,,1
APP-0107,665,32369.18,22000.94,0,8.6,52,education,9.0,A,,,0
APP-0108,673,39273.41,12315.75,0,8.1,43,education,8.8,B,,,1
APP-0109,643,123045.95,21541.1,0,13.3,32,home,8.6,C,,,1
APP-0110,477,47724.11,10822.01,0,0.0,32,home,10.0,C,,,1
APP-0111,647,57345.16,13604.14,0,7.6,30,car,10.0,C,,,1
APP-0112,655,76920.64,15372.83,0,12.7,43,education,7.8,B,,,1
APP-0113,850,64994.36,8221.38,0,6.5,30,home,3.8,C,,,1
APP-0114,632,55641.66,23395.53,0,2.2,32,education,8.4,A,,,0
APP-0115,677,61281.39,11024.52,2,4.0,48,car,9.3,B,,,0
APP-0116,646,153358.87,13077.46,0,5.0,39,home,7.7,A,,,1
APP-0117,544,50669.05,8260.13,2,3.4,50,home,9.6,A,,,0
APP-0118,752,56925.21,3224.09,0,6.2,45,car,8.3,A,,,1
APP-0119,717,83432.52,13375.62,0,14.5,24,home,10.0,A,,,1
APP-0120,721,85518.3,63791.47,0,4.0,35,business,6.8,A,,,0
APP-0121,568,88713.08,24018.22,0,4.6,47,personal,7.8,A,,,1
APP-0122,776,69315.76,14827.65,0,9.3,23,home,7.1,A,,,1
APP-0123,523,31090.16,12811.15,0,6.1,41,home,9.7,C,,,0
APP-0124,702,108449.86,15203.56,0,0.4,36,car,10.0,A,,,1
APP-0125,847,31043.46,20828.49,1,6.7,21,personal,9.5,B,,,0
APP-0126,560,59586.54,7385.82,0,6.5,38,car,8.8,A,,,1
APP-0127,599,37033.38,29272.35,0,11.9,27,personal,7.0,C,,,0
APP-0128,658,50520.61,23041.09,0,2.1,24,home,8.8,C,,,1
APP-0129,604,60291.24,23079.89,1,11.9,37,home,10.0,B,,,0
APP-0130,510,60090.66,19514.07,0,6.5,21,personal,8.6,B,,,0
APP-0131,656,62872.45,15177.59,1,1.5,29,car,8.4,A,,,1
APP-0132,554,107491.72,22460.7,1,0.5,65,education,9.4,C,,,0
APP-0133,692,63773.27,21394.6,0,16.7,44,home,8.4,C,,,1
APP-0134,567,46589.41,12129.32,0,6.2,27,car,10.0,C,,,1
APP-0135,789,80244.88,10632.22,0,11.7,52,home,6.5,B,,,1
APP-0136,579,88810.55,15945.3,1,0.0,26,education,9.3,A,,,1
APP-0137,621,29928.77,37995.29,0,20.2,30,education,10.0,C,,,0
APP-0138,723,68038.5,7131.96,0,11.5,24,car,10.0,A,,,1
APP-0139,539,71291.1,6218.54,2,5.7,39,personal,5.9,B,,,0
APP-0140,670,45483.07,16558.62,0,5.5,52,car,8.4,A,,,1
APP-0141,767,96574.22,15465.05,0,10.7,26,car,7.7,C,,,1
APP-0142,505,48604.63,16644.09,1,10.4,21,home,10.0,A,,,0
APP-0143,666,55023.1,17364.4,0,7.9,49,car,7.1,A,,,1
APP-0144,673,48103.81,13119.88,1,7.1,54,car,7.7,B,,,0
APP-0145,720,52365.83,36670.34,0,9.8,21,personal,6.7,C,,,0
APP-0146,538,31750.86,5740.28,0,0.0,42,home,8.4,B,,,1
APP-0147,531,27200.1,9124.4,0,5.1,39,car,7.9,A,,,0
APP-0148,696,106566.69,14098.91,0,0.0,28,car,10.0,A,,,1
APP-0149,676,35520.54,5596.47,0,10.0,21,education,8.6,C,,,1
APP-0150,672,33285.34,13497.95,0,3.6,47,personal,10.0,C,,,1
APP-0151,681,19731.54,40647.3,0,0.0,38,home,10.0,C,,,0
APP-0152,588,39005.82,15189.16,1,3.0,39,car,9.5,B,,,0
APP-0153,670,28670.06,17226.88,0,7.7,30,car,8.8,C,,,0
APP-0154,676,108869.57,7042.42,0,6.0,28,car,8.9,B,,,1
APP-0155,585,81913.3,10362.91,0,1.1,21,car,8.6,B,,,1
APP-0156,817,38151.92,11976.33,0,0.0,34,home,9.6,B,,,1
APP-0157,692,143285.6,12396.59,0,7.4,52,car,6.0,B,,,1
APP-0158,542,80885.79,32363.67,0,4.1,27,home,7.8,C,,,1
APP-0159,709,44928.38,20961.03,0,5.7,21,home,10.0,B,,,1
APP-0160,562,18000.0,7699.65,0,6.2,41,personal,10.0,A,,,1
APP-0161,720,145790.09,17391.0,0,9.2,43,personal,7.0,A,,,1
APP-0162,754,27825.03,20226.29,0,11.2,30,education,8.6,A,,,1
APP-0163,576,24799.27,29729.49,0,7.7,33,home,10.0,B,,,0
APP-0164,736,82384.76,38720.71,0,5.4,39,home,7.7,A,,,1
APP-0165,687,155887.14,8157.96,0,7.1,35,home,6.5,A,,,1
APP-0166,723,96947.2,9221.48,2,5.3,48,education,7.8,B,,,0
APP-0167,820,67020.79,7053.36,0,0.0,63,home,10.0,B,,,1
APP-0168,627,67957.55,13035.0,0,12.5,21,personal,8.3,C,,,1
APP-0169,582,76346.39,19843.28,0,11.5,50,personal,8.0,B,,,1
APP-0170,569,73168.25,27124.87,0,16.9,38,home,8.8,C,,,0
APP-0171,576,59014.3,14331.78,1,18.4,52,education,7.9,C,,,0
APP-0172,643,54496.38,12380.74,1,1.1,44,car,9.3,C,,,0
APP-0173,680,50555.76,16429.94,0,5.3,37,car,10.0,B,,,1
APP-0174,674,37038.56,9088.09,1,19.6,45,home,10.0,A,,,0
APP-0175,724,45830.05,52550.44,0,6.8,32,car,9.7,C,,,0
APP-0176,651,24274.18,5717.05,0,8.2,28,personal,8.8,A,,,1
APP-0177,780,49749.03,16758.31,0,0.0,45,car,10.0,A,,,1
APP-0178,626,33327.33,50512.15,1,7.8,27,home,10.0,B,,,0
APP-0179,850,31646.53,15061.32,3,16.7,44,education,10.0,A,,,0
APP-0180,706,56384.6,13383.56,0,13.4,37,education,10.0,C,,,1
APP-0181,572,97284.99,12104.57,1,4.0,21,home,7.7,B,,,1
APP-0182,553,78609.0,13461.25,0,5.0,30,personal,9.1,B,,,1
APP-0183,693,25649.36,34184.05,0,1.3,40,education,8.6,B,,,0
APP-0184,629,33311.78,3978.61,0,2.7,32,home,7.9,B,,,1
APP-0185,714,79407.34,37641.62,0,0.0,21,car,6.2,A,,,1
APP-0186,692,33418.99,6383.24,0,6.6,51,home,10.0,B,,,1
APP-0187,643,47000.53,12782.27,0,14.6,38,business,7.2,B,,,1
APP-0188,573,66604.17,11594.18,1,8.8,41,education,8.0,B,,,1
APP-0189,513,33632.36,21352.78,1,13.8,31,business,9.5,C,,,0
APP-0190,609,54525.18,5749.86,1,12.4,42,home,10.0,A,,,1
APP-0191,727,28529.32,19793.5,1,4.3,57,car,8.9,A,,,0
APP-0192,669,39671.31,50533.47,1,3.2,28,car,10.0,A,,,0
APP-0193,537,60048.08,6620.33,2,3.4,55,home,10.0,A,,,0
APP-0194,665,25391.04,16808.32,0,0.0,41,education,8.2,C,,,0
APP-0195,684,63399.59,10083.1,1,7.2,27,business,10.0,C,,,1
APP-0196,570,51542.5,19367.23,1,0.0,61,home,8.7,A,,,0
APP-0197,663,66677.28,15173.32,0,10.0,41,home,8.0,B,,,1
APP-0198,655,57512.66,10207.86,1,7.4,44,home,8.6,B,,,1
APP-0199,547,96072.86,20101.08,1,9.4,34,home,8.1,A,,,0
APP-0200,682,55014.39,44285.58,0,12.3,28,car,8.5,A,,,0
APP-0201,700,42863.1,13376.61,0,8.0,38,car,8.1,C,,,1
APP-0202,747,54941.97,23101.67,0,15.2,54,car,8.0,B,,,1
APP-0203,744,66402.04,6903.9,0,10.1,33,car,9.0,C,,,1
APP-0204,526,53155.99,8450.19,0,3.2,36,car,8.9,A,,,1
APP-0205,565,52958.57,19915.41,0,5.8,53,car,9.9,B,,,0
APP-0206,696,37915.02,36544.1,0,0.0,33,education,9.6,A,,,0
APP-0207,696,38587.88,18567.6,1,2.5,42,home,9.6,A,,,0
APP-0208,696,27662.32,12431.27,0,5.1,46,personal,10.0,B,,,1
APP-0209,850,114268.76,14993.62,0,9.7,34,car,9.7,A,,,1
APP-0210,701,29710.64,7083.77,0,3.2,40,home,10.0,A,,,1
APP-0211,752,38070.37,21558.27,1,0.8,44,home,10.0,A,,,0
APP-0212,735,37635.98,25468.69,0,0.0,32,car,10.0,A,,,0
APP-0213,708,77785.86,11436.34,0,4.0,45,business,10.0,B,,,1
APP-0214,621,45536.6,11313.82,0,16.8,30,car,10.0,B,,,1
APP-0215,718,91170.16,17594.34,1,8.4,29,personal,8.7,A,,,1
APP-0216,580,38404.43,11542.3,1,11.7,21,personal,10.0,A,,,0
APP-0217,628,58955.98,14416.46,0,2.5,31,home,4.9,A,,,1
APP-0218,606,35706.67,52872.5,1,0.0,28,home,9.2,B,,,0
APP-0219,657,136532.25,12933.68,0,0.9,32,education,8.9,A,,,1
APP-0220,850,30472.49,12098.07,0,6.5,43,home,10.0,C,,,1
APP-0221,481,59779.51,10170.84,0,0.0,21,education,10.0,A,,,1
APP-0222,711,69161.43,23442.85,0,2.0,21,car,8.9,A,,,1
APP-0223,504,62643.09,13454.53,0,4.1,28,car,8.2,C,,,1
APP-0224,607,47840.1,10159.67,0,0.4,42,home,8.8,B,,,1
APP-0225,748,49049.23,33143.04,0,0.0,40,home,9.7,A,,,0
APP-0226,655,53035.36,35156.59,0,8.4,28,personal,10.0,C,,,0
APP-0227,553,48671.46,10462.49,0,7.2,49,car,10.0,B,,,1
APP-0228,585,80237.37,4894.57,0,10.9,29,business,8.4,C,,,1
APP-0229,711,140608.45,27455.28,0,1.4,42,car,7.3,B,,,1
APP-0230,584,40462.37,9947.01,1,10.8,33,home,8.5,B,,,0
APP-0231,669,28073.68,24105.15,1,14.6,27,home,9.0,C,,,0
APP-0232,654,49974.7,4599.69,0,8.3,30,home,10.0,A,,,1
APP-0233,591,166020.77,25626.03,0,4.0,45,car,8.7,B,,,1
APP-0234,842,36219.23,7252.51,0,7.7,40,home,8.5,B,,,1
APP-0235,707,108727.67,23254.73,0,3.7,47,business,8.1,A,,,1
APP-0236,467,110631.97,15129.01,0,2.9,40,home,7.3,A,,,1
APP-0237,666,40533.51,8462.85,0,10.4,21,home,10.0,A,,,1
APP-0238,590,67173.99,11749.71,1,6.3,60,business,8.2,B,,,0
APP-0239,726,108204.42,22642.79,0,13.0,41,education,4.9,B,,,1
APP-0240,578,43843.93,15983.98,1,4.8,42,home,10.0,B,,,0
APP-0241,639,47447.91,21299.81,0,5.3,32,home,8.8,A,,,1
APP-0242,695,40024.32,49102.73,0,4.2,49,personal,9.2,B,,,0
APP-0243,727,32937.22,5867.95,2,1.4,24,education,10.0,C,,,0
APP-0244,541,38825.17,39582.13,0,11.1,43,car,10.0,A,,,0
APP-0245,619,29978.2,15969.23,1,17.9,21,home,10.0,B,,,0
APP-0246,607,52803.7,8747.6,0,5.1,44,business,6.7,C,,,1
APP-0247,591,36772.7,6752.16,0,3.6,25,car,10.0,C,,,1
APP-0248,808,57768.72,13390.93,0,3.3,40,personal,6.1,B,,,1
APP-0249,686,25818.48,26076.65,0,3.6,51,car,10.0,C,,,0
APP-0250,536,60348.73,13894.88,0,15.2,46,business,10.0,A,,,1
APP-0251,732,75666.21,37141.81,0,3.4,50,home,6.5,C,,,1
APP-0252,840,21201.3,6279.84,0,4.1,49,home,10.0,A,,,1
APP-0253,742,61532.73,14891.59,1,0.8,31,personal,10.0,A,,,1
APP-0254,513,90350.34,7075.33,0,8.5,43,home,7.5,A,,,1
APP-0255,606,30171.73,18657.15,0,6.7,21,home,10.0,C,,,0
APP-0256,764,110376.95,25538.39,0,1.3,29,car,3.5,B,,,1
APP-0257,586,62790.4,11653.34,0,2.5,52,car,10.0,A,,,1
APP-0258,689,37863.53,3144.08,0,14.7,32,car,9.6,A,,,1
APP-0259,719,50711.24,16901.78,2,7.2,21,education,8.8,C,,,0
APP-0260,566,66852.64,19493.74,0,7.5,59,car,10.0,C,,,1
APP-0261,644,53809.29,19117.94,0,7.5,43,car,10.0,B,,,1
APP-0262,358,66266.46,31485.26,1,14.0,45,home,9.5,B,,,0
APP-0263,557,34361.63,7888.59,0,1.8,26,education,10.0,B,,,1
APP-0264,627,56117.97,22560.03,0,5.0,40,education,6.7,A,,,1
APP-0265,537,27524.38,30678.27,1,6.2,39,car,10.0,C,,,0
APP-0266,796,49461.37,5159.8,0,0.0,27,car,9.0,A,,,1
APP-0267,521,34621.86,18171.26,0,2.4,35,personal,8.4,B,,,0
APP-0268,610,37347.1,11084.44,0,12.2,21,home,6.6,A,,,1
APP-0269,661,90693.5,14283.95,2,10.8,33,personal,9.1,B,,,0
APP-0270,779,84972.98,18479.39,0,11.7,47,personal,9.6,B,,,1
APP-0271,520,68398.84,11197.75,0,4.1,28,business,10.0,B,,,1
APP-0272,754,31807.53,10000.4,0,4.7,57,car,10.0,A,,,1
APP-0273,650,45098.99,15310.54,0,0.0,21,business,8.2,B,,,1
APP-0274,561,89759.84,7812.33,0,11.7,34,business,10.0,A,,,1
APP-0275,691,55424.2,7818.99,0,12.5,29,education,10.0,A,,,1
APP-0276,667,147664.38,22548.63,0,12.4,35,home,6.4,A,,,1
APP-0277,595,62068.38,7529.09,0,15.0,52,home,8.9,C,,,1
APP-0278,656,56693.85,22372.62,0,9.1,26,car,7.6,B,,,1
APP-0279,615,45247.22,19798.48,0,14.8,32,home,10.0,B,,,0
APP-0280,660,55220.66,5325.82,0,6.0,44,education,6.8,B,,,1
APP-0281,709,48551.85,9989.27,1,0.0,38,home,10.0,B,,,1
APP-0282,792,71513.96,30707.77,0,11.3,38,home,7.8,B,,,1
APP-0283,538,79978.65,8325.73,2,0.0,26,home,6.8,A,,,0
APP-0284,841,36508.62,11352.16,1,7.9,36,education,6.7,A,,,1
APP-0285,474,28565.19,19792.18,0,11.8,49,personal,9.4,B,,,0
APP-0286,636,22758.79,24000.74,0,8.6,21,car,8.0,B,,,0
APP-0287,702,65355.38,12898.7,0,18.4,29,home,8.9,C,,,1
APP-0288,675,31649.7,10480.79,0,0.0,21,car,10.0,C,,,1
APP-0289,593,19735.97,35215.0,0,6.6,42,education,10.0,A,,,0
APP-0290,631,61936.15,42580.23,0,7.1,50,education,10.0,A,,,0
APP-0291,605,159667.5,26987.26,0,0.3,34,personal,5.0,B,,,1
APP-0292,596,51858.13,15787.86,0,1.2,25,home,7.2,A,,,1
APP-0293,726,75835.35,9235.83,0,2.8,26,personal,7.0,A,,,1
APP-0294,682,53950.5,9113.74,0,1.5,33,car,9.0,C,,,1
APP-0295,587,49736.71,20523.26,0,6.5,33,education,10.0,A,,,0
APP-0296,730,78635.88,19280.4,1,4.0,47,car,6.0,C,,,1
APP-0297,677,45632.5,34778.85,0,8.6,29,personal,10.0,B,,,0
APP-0298,723,58648.98,22160.7,1,10.2,41,home,7.9,C,,,1
APP-0299,706,60099.87,6087.28,0,9.9,33,education,8.6,A,,,1
APP-0300,575,38497.87,28197.09,0,4.9,28,business,7.6,A,,,0
APP-0301,599,81260.72,8241.76,0,8.4,33,car,9.7,B,,,1
APP-0302,717,48062.96,11913.44,0,12.2,40,car,9.2,A,,,1
APP-0303,704,37008.9,17429.61,0,9.2,47,personal,10.0,A,,,1
APP-0304,648,66199.52,49672.46,1,16.3,34,home,9.1,A,,,0
APP-0305,660,34706.71,80000.0,0,11.9,23,car,6.7,A,,,0
APP-0306,764,52663.64,21586.84,1,15.6,47,home,10.0,A,,,1
APP-0307,596,51787.05,13438.61,0,0.0,27,education,6.1,C,,,1
APP-0308,699,84766.19,20671.45,0,7.5,39,car,5.5,A,,,1
APP-0309,631,64383.53,25550.16,0,5.4,36,home,7.5,A,,,1
APP-0310,630,51417.65,12374.65,0,6.4,35,car,7.8,B,,,1
APP-0311,748,75131.4,44043.47,0,3.0,31,home,10.0,C,,,1
APP-0312,724,97206.45,17220.36,0,9.0,43,personal,7.8,A,,,1
APP-0313,723,66837.1,20220.48,0,0.0,21,personal,10.0,A,,,1
APP-0314,767,52242.82,22367.4,0,9.0,49,education,8.3,B,,,1
APP-0315,651,28815.61,19317.32,0,3.1,26,car,10.0,C,,,0
APP-0316,711,32199.23,24814.16,0,4.5,41,personal,10.0,C,,,0
APP-0317,622,45326.53,10357.37,1,9.2,40,home,10.0,B,,,1
APP-0318,679,39526.18,10730.27,0,7.4,51,car,8.8,A,,,1
APP-0319,638,47803.87,7752.05,0,12.3,39,personal,8.7,B,,,1
APP-0320,658,53342.65,19526.08,0,2.2,27,business,8.7,A,,,1
APP-0321,703,65996.75,23936.68,0,6.6,21,business,6.3,B,,,1
APP-0322,576,50376.22,19741.32,0,11.4,33,education,9.1,B,,,0
APP-0323,838,64726.42,40966.13,2,8.8,21,car,8.3,C,,,0
APP-0324,559,53530.8,14949.72,1,9.1,30,car,10.0,A,,,0
APP-0325,540,21376.32,22405.25,0,12.5,33,education,10.0,A,,,0
APP-0326,754,34074.28,7791.47,0,5.0,29,car,10.0,B,,,1
APP-0327,721,48735.33,11891.1,0,3.9,37,home,9.3,B,,,1
APP-0328,706,30171.0,22768.38,0,9.9,34,business,8.9,C,,,0
APP-0329,706,68115.97,24965.91,0,6.3,33,business,8.8,A,,,1
APP-0330,648,103552.8,12574.49,0,12.6,21,home,9.0,A,,,1
APP-0331,569,89988.92,14369.25,1,8.8,22,business,5.5,B,,,0
APP-0332,656,47237.8,6033.49,0,3.9,44,business,8.2,A,,,1
APP-0333,589,101704.39,12107.59,0,8.7,45,education,6.9,C,,,1
APP-0334,737,55597.82,25592.01,1,2.5,21,car,9.7,B,,,0
APP-0335,636,44681.3,21182.45,0,11.7,28,home,10.0,C,,,0
APP-0336,575,39457.04,20255.97,0,0.0,48,home,9.6,B,,,0
APP-0337,621,45382.76,15454.72,0,13.1,29,car,5.6,C,,,1
APP-0338,687,43665.75,15063.7,1,8.6,35,home,6.9,A,,,1
APP-0339,599,56144.63,10093.16,0,6.2,52,car,8.7,C,,,1
APP-0340,576,55896.51,22813.38,1,10.8,33,home,8.3,A,,,0
APP-0341,671,52071.33,19310.21,0,9.6,31,personal,9.2,B,,,1
APP-0342,672,63298.77,20151.15,0,13.7,35,car,8.2,A,,,1
APP-0343,604,88857.55,10940.04,1,13.6,57,education,10.0,B,,,1
APP-0344,607,79721.8,4120.79,0,8.8,41,education,5.0,A,,,1
APP-0345,670,26656.68,28972.35,0,2.6,37,car,10.0,A,,,0
APP-0346,519,18000.0,11254.27,0,4.3,31,personal,10.0,C,,,0
APP-0347,523,79177.14,8938.65,0,6.6,42,education,9.5,A,,,1
APP-0348,585,28110.64,22740.27,0,12.4,44,home,10.0,C,,,0
APP-0349,630,46997.73,11856.1,1,4.7,25,business,10.0,C,,,1
APP-0350,677,30713.21,28332.57,0,5.1,44,home,8.8,A,,,0
APP-0351,782,23112.01,21720.44,0,16.2,35,education,8.2,B,,,0
APP-0352,727,66347.23,22605.47,0,6.5,37,car,5.7,A,,,1
APP-0353,635,73175.71,6609.29,1,3.8,27,business,8.1,A,,,1
APP-0354,648,40117.56,31038.13,0,10.9,32,home,8.3,B,,,0
APP-0355,559,18000.0,17545.55,0,6.7,25,education,10.0,C,,,0
APP-0356,648,40667.68,12018.94,0,0.1,25,car,9.0,A,,,1
APP-0357,624,62026.12,16347.64,0,12.2,41,education,7.4,B,,,1
APP-0358,679,26728.58,5167.09,0,3.3,33,business,8.0,B,,,1
APP-0359,575,56472.61,19167.99,2,7.2,22,home,10.0,C,,,0
APP-0360,696,51642.98,8088.37,1,6.7,60,education,9.1,A,,,1
APP-0361,787,67486.32,6662.19,0,8.2,24,home,7.6,B,,,1
APP-0362,640,54874.84,6017.28,0,0.0,49,personal,9.3,B,,,1
APP-0363,686,33560.93,29243.67,0,5.3,21,home,10.0,B,,,0
APP-0364,712,89094.79,10283.0,0,12.6,42,business,7.6,C,,,1
APP-0365,613,48419.63,37648.26,0,13.3,34,business,10.0,C,,,0
APP-0366,670,51364.98,10876.12,0,2.0,30,home,10.0,A,,,1
APP-0367,651,34167.44,5385.1,0,11.6,39,car,6.8,B,,,1
APP-0368,658,42596.27,7676.28,0,3.2,37,home,8.4,A,,,1
APP-0369,580,34920.8,31485.82,1,5.1,28,business,10.0,A,,,0
APP-0370,652,48106.53,13660.54,0,5.4,27,car,8.2,B,,,1
APP-0371,694,112338.04,10794.94,0,7.5,21,home,8.3,A,,,1
APP-0372,780,28047.18,16511.57,0,12.0,40,business,8.6,B,,,1
APP-0373,736,25157.12,20269.55,1,8.3,23,home,9.2,C,,,0
APP-0374,843,100813.31,29326.44,0,6.4,37,education,7.1,A,,,1
APP-0375,580,47325.44,35771.44,1,11.8,43,car,10.0,C,,,0
APP-0376,728,38480.86,12087.71,0,3.0,39,car,9.8,B,,,1
APP-0377,666,83029.9,6769.46,0,6.6,29,business,8.5,B,,,1
APP-0378,847,39595.55,11704.47,1,12.0,46,car,10.0,C,,,1
APP-0379,577,118267.39,17535.34,0,9.6,32,home,10.0,A,,,1
APP-0380,574,70549.2,8413.14,0,4.7,22,personal,5.7,B,,,1
APP-0381,596,41749.34,8446.56,0,0.0,33,home,8.7,B,,,1
APP-0382,458,137281.34,18436.33,0,8.6,43,personal,10.0,A,,,1
APP-0383,602,39593.78,14568.46,0,0.0,29,personal,8.6,C,,,1
APP-0384,581,72616.1,15298.1,0,5.9,46,home,10.0,C,,,1
APP-0385,663,59496.97,9515.79,2,12.9,28,car,8.3,A,,,1
APP-0386,680,93412.7,13063.34,1,10.0,30,education,7.8,A,,,1
APP-0387,818,104996.16,8615.05,0,0.0,25,home,9.1,B,,,1
APP-0388,735,52754.32,25589.17,0,8.0,44,car,9.0,A,,,1
APP-0389,598,37047.68,27915.99,1,5.4,36,education,10.0,B,,,0
APP-0390,569,63958.29,4954.7,0,0.6,26,car,10.0,A,,,1
APP-0391,694,38331.49,8587.81,1,8.7,32,personal,10.0,B,,,1
APP-0392,531,128672.19,6111.26,2,4.5,21,car,7.5,A,,,0
APP-0393,814,55295.12,10155.71,1,4.6,45,car,10.0,A,,,1
APP-0394,756,44117.17,14267.55,0,7.6,35,car,10.0,B,,,1
APP-0395,607,56506.17,6285.61,0,3.9,21,personal,7.9,B,,,1
APP-0396,495,28361.62,8627.32,0,7.5,21,education,10.0,C,,,1
APP-0397,771,33582.91,8212.65,1,4.0,32,business,10.0,C,,,1
APP-0398,639,89248.98,16986.36,0,4.3,22,home,7.9,A,,,1
APP-0399,761,38692.33,15637.26,2,12.0,45,home,6.5,A,,,0
APP-0400,506,32464.06,9727.99,1,12.5,41,car,7.6,C,,,0
APP-0401,596,66203.77,16678.87,1,0.0,40,home,10.0,C,,,0
APP-0402,650,88660.16,10805.36,0,10.7,21,education,10.0,C,,,1
APP-0403,654,71863.8,12743.96,0,14.0,31,education,8.8,A,,,1
APP-0404,609,81407.32,40940.57,0,14.8,29,home,5.8,C,,,0
APP-0405,706,36991.42,33526.19,0,9.6,26,personal,7.9,A,,,0
APP-0406,553,27424.28,6877.82,0,1.7,32,car,7.3,B,,,1
APP-0407,637,102191.03,24677.44,0,10.1,24,personal,5.4,C,,,1
APP-0408,660,44971.9,24407.44,1,2.7,39,car,10.0,A,,,0
APP-0409,696,46449.65,7531.48,0,5.3,45,home,10.0,C,,,1
APP-0410,714,94531.31,24515.77,0,8.9,44,home,6.4,A,,,1
APP-0411,548,66789.59,37743.35,0,3.0,35,home,8.8,C,,,0
APP-0412,511,63840.85,7648.61,1,1.3,58,education,6.9,A,,,0
APP-0413,764,137757.48,8649.91,0,9.3,49,home,7.0,C,,,1
APP-0414,679,38925.93,27622.95,0,16.3,35,home,10.0,A,,,0
APP-0415,582,78946.61,17653.74,1,13.2,31,business,10.0,B,,,0
APP-0416,789,53351.37,20883.01,1,10.5,51,education,10.0,B,,,1
APP-0417,660,58680.66,18400.98,1,11.9,48,business,8.7,B,,,0
APP-0418,756,103446.49,18962.58,0,10.2,21,car,9.8,A,,,1
APP-0419,656,65350.81,6767.74,1,9.2,48,education,9.8,B,,,1
APP-0420,835,66252.75,28118.87,0,11.5,35,education,9.4,A,,,1
APP-0421,807,84257.03,30259.32,0,0.2,27,home,8.2,B,,,1
APP-0422,627,44124.49,13071.26,0,8.0,21,home,9.8,A,,,1
APP-0423,737,35644.66,14613.77,0,6.6,34,home,10.0,C,,,1
APP-0424,708,32494.78,5985.77,0,7.4,36,car,8.8,A,,,1
APP-0425,773,21464.13,20421.8,0,4.7,54,car,8.8,A,,,0
APP-0426,563,131175.61,21142.49,0,9.6,47,car,5.7,A,,,1
APP-0427,711,31651.96,14450.6,1,2.9,30,education,8.3,B,,,0
APP-0428,745,47072.06,29449.07,0,4.3,41,education,9.0,A,,,0
APP-0429,491,45909.76,12275.48,0,3.7,46,personal,8.8,B,,,1
APP-0430,543,59714.61,21048.17,0,11.3,37,education,8.0,C,,,1
APP-0431,466,75062.83,8135.62,0,6.9,30,car,7.5,B,,,1
APP-0432,625,76589.25,14789.52,0,4.7,31,personal,9.0,B,,,1
APP-0433,714,39999.18,13510.1,0,5.1,41,personal,10.0,A,,,1
APP-0434,785,48232.78,17171.22,0,7.0,41,home,9.2,B,,,1
APP-0435,656,59051.19,12017.14,0,15.1,33,education,8.9,A,,,1
APP-0436,796,46494.44,13862.21,0,0.8,21,personal,7.9,C,,,1
APP-0437,525,107184.24,24622.94,0,10.4,22,home,7.4,A,,,1
APP-0438,496,64856.84,11541.99,0,9.4,43,personal,10.0,B,,,1
APP-0439,645,72380.63,5720.77,0,2.6,21,car,10.0,A,,,1
APP-0440,684,70073.19,42854.07,0,14.3,50,car,10.0,C,,,0
APP-0441,647,88173.54,34361.02,1,9.7,48,home,9.7,A,,,0
APP-0442,463,56413.21,6908.09,0,4.5,37,education,9.7,B,,,1
APP-0443,641,29010.83,22688.88,0,0.0,43,business,10.0,A,,,0
APP-0444,532,62246.56,11092.46,0,8.1,42,personal,9.3,B,,,1
APP-0445,710,38788.86,17569.11,0,6.8,35,home,8.9,C,,,0
APP-0446,682,40991.56,17896.13,0,1.8,21,car,9.6,B,,,0
APP-0447,565,67701.45,13031.97,1,1.8,47,business,9.1,B,,,0
APP-0448,603,90782.91,9372.6,1,11.3,52,education,9.1,C,,,0
APP-0449,554,52500.14,9911.8,0,0.0,23,car,9.3,B,,,1
APP-0450,644,59752.95,8656.71,0,8.6,21,home,10.0,B,,,1
APP-0451,735,111859.14,9106.21,0,6.1,35,business,5.8,B,,,1
APP-0452,561,57950.12,14407.42,0,9.5,30,business,10.0,B,,,1
APP-0453,695,167670.56,9762.95,0,5.5,38,home,6.2,A,,,1
APP-0454,602,67069.08,22584.9,0,8.5,50,home,8.8,C,,,1
APP-0455,578,23544.69,36612.8,2,3.3,21,personal,8.6,B,,,0
APP-0456,640,72984.53,10591.14,0,6.8,54,education,10.0,A,,,1
APP-0457,556,61729.69,17317.07,0,9.4,32,home,9.9,C,,,1
APP-0458,600,92910.11,20244.06,0,7.8,42,home,9.4,A,,,1
APP-0459,542,70398.74,19910.59,0,8.9,43,business,8.9,A,,,1
APP-0460,826,48859.0,15699.41,0,2.4,45,car,8.7,B,,,1
APP-0461,653,29973.38,23421.62,0,4.0,37,car,9.6,C,,,0
APP-0462,587,47331.84,20033.37,0,4.1,40,home,9.9,C,,,0
APP-0463,669,35463.7,7138.14,1,5.6,40,home,6.6,C,,,1
APP-0464,639,40045.17,25268.13,1,13.8,30,education,10.0,C,,,0
APP-0465,630,67768.94,25544.57,0,5.2,21,car,10.0,A,,,0
APP-0466,705,110244.51,9488.48,0,1.3,23,education,8.4,A,,,1
APP-0467,718,62106.21,15345.36,0,9.7,35,home,8.5,C,,,1
APP-0468,602,30359.1,22602.21,0,13.7,28,car,9.5,A,,,0
APP-0469,598,63517.47,13229.67,0,0.7,28,car,9.9,B,,,1
APP-0470,625,89097.2,28555.14,0,16.9,56,personal,7.8,B,,,1
APP-0471,442,39521.36,61952.86,0,9.1,46,personal,10.0,A,,,0
APP-0472,513,48956.69,9360.12,0,12.2,34,car,9.0,C,,,1
APP-0473,773,52344.84,6549.73,0,14.3,44,business,10.0,B,,,1
APP-0474,798,36526.55,17999.45,0,11.9,32,education,10.0,B,,,1
APP-0475,627,69614.29,23126.7,0,6.4,38,personal,8.2,C,,,1
APP-0476,701,49245.45,13059.69,0,13.1,41,home,9.1,B,,,1
APP-0477,678,62804.91,35873.78,0,8.3,32,education,8.9,A,,,0
APP-0478,850,34878.56,6718.65,1,12.5,29,car,9.6,B,,,1
APP-0479,750,42708.05,22732.63,1,13.0,50,home,8.0,C,,,0
APP-0480,638,71974.75,10428.41,0,1.5,43,personal,7.0,C,,,1
APP-0481,564,43968.29,42084.39,0,11.0,21,home,10.0,C,,,0
APP-0482,505,113111.88,49578.61,0,6.1,29,home,9.3,B,,,0
APP-0483,668,43441.16,9469.31,0,7.7,28,car,10.0,A,,,1
APP-0484,581,57532.61,10786.72,1,7.6,30,education,8.9,C,,,0
APP-0485,521,79115.56,25123.48,0,7.4,46,education,10.0,C,,,1
APP-0486,591,27466.83,11890.88,0,14.6,37,home,9.7,A,,,0
APP-0487,552,23544.21,14596.82,1,0.2,21,personal,10.0,A,,,0
APP-0488,801,26172.22,15230.24,0,0.0,32,car,7.7,C,,,1
APP-0489,729,91781.12,4740.99,0,0.0,42,home,7.8,C,,,1
APP-0490,649,40565.08,14875.98,2,12.3,34,personal,9.2,C,,,0
APP-0491,783,164421.52,9916.63,2,3.1,29,home,6.3,C,,,1
APP-0492,656,40339.55,11158.22,0,7.7,40,home,7.5,B,,,1
APP-0493,572,56502.89,35667.13,0,6.4,54,home,10.0,B,,,0
APP-0494,787,104083.47,7057.89,1,2.6,42,business,9.4,B,,,1
APP-0495,698,128250.52,24433.94,1,11.3,51,car,6.1,A,,,1
APP-0496,556,131488.62,12688.2,1,6.4,30,personal,5.5,B,,,1
APP-0497,632,89568.93,12682.13,0,5.8,36,business,7.1,B,,,1
APP-0498,571,82440.09,24101.48,1,8.2,36,car,9.1,B,,,0
APP-0499,525,67889.46,18395.04,1,10.6,38,education,7.9,B,,,0
APP-0500,733,73810.88,21124.17,0,2.2,41,home,8.4,B,,,1
APP-0501,821,40577.35,26814.99,0,11.4,26,home,7.8,A,,,1
APP-0502,524,35983.27,12295.89,0,14.2,44,business,10.0,A,,,1
APP-0503,700,51921.1,10388.59,0,0.0,21,personal,9.3,A,,,1
APP-0504,591,48166.35,7822.15,0,8.4,22,car,10.0,A,,,1
APP-0505,606,42406.05,9141.31,0,5.5,60,home,10.0,C,,,1
APP-0506,596,71137.75,80000.0,1,10.5,31,home,8.6,A,,,0
APP-0507,572,79928.39,31653.79,0,0.9,45,home,8.3,A,,,0
APP-0508,654,54110.42,6668.57,0,15.1,55,home,8.0,B,,,1
APP-0509,575,101102.24,6784.06,0,0.0,21,car,7.3,B,,,1
APP-0510,674,31108.58,20028.77,0,5.8,49,education,8.2,A,,,0
APP-0511,645,47660.21,20830.31,4,9.2,44,home,7.6,C,,,0
APP-0512,628,37662.83,20850.55,0,3.6,55,car,10.0,C,,,0
APP-0513,568,22450.26,12872.29,0,2.8,24,business,10.0,A,,,0
APP-0514,598,50100.82,13912.36,0,8.1,52,business,10.0,A,,,1
APP-0515,717,49227.74,18261.19,0,7.4,28,home,8.0,C,,,1
APP-0516,695,102749.72,15793.3,0,7.0,48,home,6.0,C,,,1
APP-0517,562,69069.21,3960.89,0,11.3,36,education,7.3,B,,,1
APP-0518,658,32797.74,13068.05,0,5.0,45,home,9.0,A,,,1
APP-0519,717,119771.45,8999.84,0,8.6,37,car,7.5,B,,,1
APP-0520,499,90080.97,16662.77,0,4.5,21,business,8.0,B,,,1
APP-0521,698,67571.59,80000.0,0,2.8,21,car,7.6,A,,,0
APP-0522,590,46961.39,18700.29,0,5.6,39,car,9.4,B,,,1
APP-0523,701,33767.41,12427.76,0,4.5,34,car,9.9,B,,,1
APP-0524,581,43980.69,26079.02,1,4.8,41,car,10.0,A,,,0
APP-0525,487,84875.09,20038.65,0,12.8,34,car,10.0,C,,,1
APP-0526,503,121426.31,19300.03,1,5.7,59,personal,6.9,C,,,0
APP-0527,654,104136.58,21588.5,0,3.7,39,home,9.7,A,,,1
APP-0528,673,41731.72,51520.32,0,7.1,32,car,9.5,C,,,0
APP-0529,568,31419.1,7610.41,0,7.5,40,car,7.4,A,,,1
APP-0530,707,55403.49,19930.07,1,1.1,32,personal,10.0,C,,,0
APP-0531,500,23463.5,8603.95,0,5.5,38,home,10.0,A,,,1
APP-0532,644,60139.64,20933.65,0,5.3,23,home,9.9,A,,,1
APP-0533,541,48658.31,8643.77,0,6.1,36,personal,9.4,B,,,1
APP-0534,591,42162.34,11677.11,0,10.6,31,home,9.0,B,,,1
APP-0535,654,25371.52,12566.02,0,7.7,24,home,9.1,C,,,1
APP-0536,572,65520.55,26938.06,0,13.1,58,car,10.0,A,,,0
APP-0537,615,40916.29,26026.7,0,6.9,25,home,9.4,A,,,0
APP-0538,740,30715.92,7103.73,0,15.9,37,home,10.0,B,,,1
APP-0539,598,18000.0,15502.65,0,4.7,28,education,10.0,B,,,0
APP-0540,725,51360.12,9799.22,0,3.2,40,home,8.6,A,,,1
APP-0541,548,115440.7,7049.43,0,9.7,22,education,6.7,B,,,1
APP-0542,697,109816.45,13168.66,1,13.8,46,car,6.6,C,,,1
APP-0543,779,42332.3,12465.45,0,0.1,59,car,10.0,C,,,1
APP-0544,427,39656.24,64333.47,1,6.0,27,home,7.5,C,,,0
APP-0545,578,64212.13,19449.59,0,3.9,50,personal,7.6,A,,,1
APP-0546,701,33180.76,6563.21,0,7.7,32,home,10.0,B,,,1
APP-0547,631,59563.92,10688.69,0,7.1,53,education,7.5,A,,,1
APP-0548,683,73404.1,27684.71,0,13.7,61,home,9.9,B,,,1
APP-0549,595,90320.43,52515.89,0,6.5,34,car,5.1,B,,,0
APP-0550,657,49708.42,5791.9,0,13.9,21,car,10.0,C,,,1
APP-0551,635,47445.92,4855.42,1,5.4,47,home,7.4,B,,,1
APP-0552,755,35028.13,46091.53,0,11.6,39,car,8.3,C,,,0
APP-0553,672,35842.97,18950.28,1,8.1,42,car,10.0,C,,,0
APP-0554,680,46961.5,8909.11,1,15.6,33,business,9.7,C,,,1
APP-0555,612,61347.73,20672.98,1,0.0,27,car,10.0,C,,,0
APP-0556,606,78441.79,3085.15,1,1.2,49,education,6.6,B,,,1
APP-0557,611,36227.31,15030.41,0,16.2,40,home,9.1,A,,,0
APP-0558,685,101794.25,18260.55,0,3.3,21,home,7.0,A,,,1
APP-0559,612,46027.46,26117.67,0,3.7,44,education,7.6,A,,,0
APP-0560,676,51502.4,8163.82,0,2.6,42,home,10.0,B,,,1
APP-0561,836,37151.29,15791.35,0,12.7,33,home,10.0,B,,,1
APP-0562,728,18000.0,8608.89,0,0.7,54,business,9.5,B,,,1
APP-0563,620,77405.99,17483.9,0,7.1,30,personal,10.0,C,,,1
APP-0564,758,72444.7,8765.67,0,5.7,35,car,7.5,C,,,1
APP-0565,613,45816.59,11742.21,0,12.2,45,car,10.0,A,,,1
APP-0566,466,53591.45,8252.87,0,4.2,37,personal,10.0,A,,,1
APP-0567,559,65589.55,22169.82,0,9.1,21,home,7.0,B,,,1
APP-0568,481,25741.34,25106.35,0,1.1,39,education,10.0,A,,,0
APP-0569,618,40983.52,13030.31,0,18.4,32,home,8.8,C,,,1
APP-0570,651,74341.02,15348.12,0,5.8,46,car,10.0,B,,,1
APP-0571,800,29571.57,6289.59,0,7.0,38,education,9.9,B,,,1
APP-0572,679,59343.63,12531.48,0,15.3,38,home,9.5,C,,,1
APP-0573,630,28241.2,14554.9,0,4.1,25,car,10.0,C,,,0
APP-0574,724,64144.43,72278.45,1,15.3,34,home,10.0,A,,,0
APP-0575,450,51172.64,7697.3,0,4.9,47,business,8.7,B,,,1
APP-0576,671,25139.35,36109.52,0,10.4,28,education,10.0,B,,,0
APP-0577,719,87827.65,27280.32,2,4.1,36,car,8.9,A,,,0
APP-0578,516,37362.87,17750.83,0,0.2,26,home,9.8,A,,,0
APP-0579,752,36112.18,43087.05,1,9.1,23,education,9.2,B,,,0
APP-0580,680,56911.64,18752.25,0,10.2,36,business,9.3,A,,,1
APP-0581,612,87193.56,18945.11,0,0.4,38,education,10.0,A,,,1
APP-0582,706,32921.43,14529.45,0,5.5,58,car,9.2,B,,,1
APP-0583,850,53463.53,31255.38,2,13.0,31,education,10.0,C,,,0
APP-0584,666,63067.85,28960.47,0,10.0,36,education,7.9,A,,,1
APP-0585,672,71032.76,10305.15,1,5.0,23,car,7.4,A,,,1
APP-0586,608,56297.07,6797.14,0,4.0,43,home,10.0,C,,,1
APP-0587,573,44083.31,13280.04,1,16.7,41,home,10.0,A,,,0
APP-0588,724,35831.53,9281.54,0,0.0,53,education,10.0,C,,,1
APP-0589,572,54055.35,14439.04,0,6.7,49,car,10.0,B,,,1
APP-0590,656,32097.6,31516.56,1,0.0,40,education,10.0,A,,,0
APP-0591,607,18000.0,11400.64,0,13.6,31,personal,10.0,A,,,0
APP-0592,693,63287.99,14619.5,0,7.0,39,business,10.0,A,,,1
APP-0593,680,78101.9,15531.4,1,7.9,35,personal,6.9,A,,,0
APP-0594,743,18000.0,24955.86,0,20.8,47,personal,10.0,A,,,0
APP-0595,604,33011.79,3895.87,0,4.0,46,car,9.3,B,,,1
APP-0596,625,68707.83,10423.16,0,15.7,33,education,9.7,A,,,1
APP-0597,561,131251.68,17027.34,1,5.0,21,home,4.6,B,,,0
APP-0598,610,52488.86,30817.96,1,5.8,51,personal,10.0,B,,,0
APP-0599,683,37473.81,11166.39,1,20.2,43,home,6.2,A,,,0
APP-0600,718,47891.61,4865.25,0,6.2,33,personal,8.8,A,,,1
APP-0601,567,96538.13,21755.73,1,0.1,42,education,5.5,A,,,1
APP-0602,728,38883.11,10245.44,0,8.4,37,business,10.0,A,,,1
APP-0603,772,36292.36,7346.69,0,6.1,51,car,9.6,B,,,1
APP-0604,687,41846.54,10313.39,1,8.8,21,car,8.3,A,,,1
APP-0605,818,33860.39,13427.9,0,6.3,32,business,10.0,C,,,1
APP-0606,580,54951.19,10435.4,0,18.1,54,car,7.7,B,,,1
APP-0607,537,108023.52,3993.67,0,9.8,43,business,3.2,B,,,1
APP-0608,489,60137.25,25694.83,0,1.6,56,car,9.7,B,,,0
APP-0609,784,46417.88,32232.5,0,7.6,23,education,6.6,B,,,1
APP-0610,708,45600.95,22174.95,1,3.0,48,home,8.0,A,,,0
APP-0611,644,25733.87,7579.44,0,5.8,48,education,9.0,A,,,1
APP-0612,675,77373.41,13291.91,0,2.4,21,education,6.4,B,,,1
APP-0613,548,50210.14,14941.42,0,17.5,33,home,8.5,A,,,1
APP-0614,850,47943.72,21484.39,2,3.5,35,car,7.1,B,,,0
APP-0615,661,218796.51,22399.86,1,10.4,21,car,5.2,B,,,1
APP-0616,659,59482.52,9655.68,1,5.4,33,education,7.1,B,,,1
APP-0617,715,37074.81,15756.41,1,1.2,46,home,9.6,B,,,0
APP-0618,693,42921.93,19735.49,0,8.0,32,business,10.0,B,,,1
APP-0619,670,87186.05,35928.96,0,9.0,39,home,9.5,B,,,1
APP-0620,578,54719.24,22891.24,0,9.8,39,home,9.0,B,,,0
APP-0621,692,27221.81,24082.47,0,0.0,36,home,8.3,B,,,0
APP-0622,819,78641.28,15773.73,0,0.8,29,car,8.7,B,,,1
APP-0623,771,38496.94,34964.24,0,11.8,44,home,8.4,C,,,0
APP-0624,793,120811.05,19180.76,2,2.4,21,personal,7.7,B,,,1
APP-0625,603,84543.43,8947.71,2,8.0,37,personal,5.8,B,,,0
APP-0626,560,42518.91,34815.83,0,0.7,52,home,10.0,C,,,0
APP-0627,638,92545.56,22800.72,0,10.7,32,education,8.2,B,,,1
APP-0628,655,53612.31,11498.58,1,11.7,28,business,10.0,A,,,0
APP-0629,748,76324.34,11249.85,0,10.7,44,home,10.0,C,,,1
APP-0630,497,64674.92,17921.4,0,12.2,38,car,9.7,A,,,0
APP-0631,787,35530.21,19805.53,0,14.8,45,car,9.4,B,,,1
APP-0632,635,38925.37,16885.0,0,1.1,37,home,8.4,C,,,0
APP-0633,611,82659.2,18080.53,0,3.1,21,personal,9.8,C,,,1
APP-0634,558,44727.78,41596.86,0,11.5,49,education,9.0,A,,,0
APP-0635,501,43362.8,28530.57,1,12.7,59,car,10.0,B,,,0
APP-0636,724,33833.06,16817.69,0,3.6,51,car,10.0,B,,,1
APP-0637,656,62919.95,26386.08,1,3.3,21,business,9.5,A,,,0
APP-0638,533,131549.07,8073.09,0,3.7,41,business,8.1,A,,,1
APP-0639,533,32164.2,19045.03,1,0.0,31,education,8.3,B,,,0
APP-0640,619,52569.83,44417.52,1,0.6,25,education,7.6,B,,,0
APP-0641,800,98174.15,13160.54,1,0.8,38,car,6.4,A,,,1
APP-0642,626,50169.39,9020.23,1,5.5,35,business,10.0,B,,,0
APP-0643,514,63739.92,10143.13,0,8.4,42,business,7.4,B,,,1
APP-0644,627,32238.67,7801.14,0,9.2,37,home,8.4,C,,,1
APP-0645,625,63053.4,9367.0,1,4.5,24,education,9.7,C,,,1
APP-0646,407,47800.15,12010.07,0,4.6,30,car,8.9,B,,,0
APP-0647,645,81030.22,6454.06,1,7.6,28,car,7.9,C,,,1
APP-0648,629,88727.28,15141.23,1,0.0,21,car,7.5,C,,,0
APP-0649,712,166758.62,25775.3,0,11.8,21,car,2.8,A,,,1
APP-0650,816,67496.7,8700.64,1,13.4,34,home,7.3,A,,,1
APP-0651,751,60210.82,37323.4,0,3.9,52,home,10.0,B,,,1
APP-0652,625,56753.46,20379.42,1,5.0,31,home,8.2,B,,,0
APP-0653,550,44359.14,27837.9,0,13.2,28,home,6.5,B,,,0
APP-0654,850,60555.57,10108.23,0,6.4,24,home,7.4,B,,,1
APP-0655,655,45527.34,25047.28,1,9.9,37,car,9.9,B,,,0
APP-0656,651,56095.25,7790.38,1,6.5,49,education,9.6,B,,,0
APP-0657,647,94081.61,25589.92,1,14.8,59,home,7.7,A,,,0
APP-0658,667,33059.19,16629.09,0,9.5,40,home,8.6,C,,,1
APP-0659,637,86850.57,20905.26,0,9.7,38,personal,6.2,A,,,1
APP-0660,598,94061.19,7408.98,1,9.8,31,business,8.7,C,,,1
APP-0661,600,49309.31,8767.12,0,4.2,32,personal,10.0,A,,,1
APP-0662,647,20013.54,21464.22,0,4.7,43,home,10.0,C,,,0
APP-0663,601,39556.25,8491.29,1,10.8,33,car,7.8,A,,,0
APP-0664,585,93213.38,19805.78,1,7.6,35,education,10.0,A,,,1
APP-0665,659,51467.63,6604.61,0,1.1,36,car,9.1,A,,,1
APP-0666,627,33167.08,24952.02,0,16.4,30,home,9.7,B,,,0
APP-0667,785,41433.72,7160.19,0,11.9,36,car,10.0,C,,,1
APP-0668,411,75908.05,20893.33,1,7.2,21,business,7.7,B,,,0
APP-0669,748,66504.78,21833.13,1,5.6,43,car,5.5,C,,,0
APP-0670,762,46699.07,9874.81,0,8.0,62,personal,10.0,B,,,1
APP-0671,463,44087.34,21269.33,0,9.6,30,personal,9.9,B,,,0
APP-0672,619,43595.44,17537.05,0,0.0,41,home,8.8,C,,,0
APP-0673,616,34334.79,10856.29,1,17.6,46,business,10.0,A,,,0
APP-0674,523,107572.26,8190.03,0,3.1,51,education,9.0,A,,,1
APP-0675,579,44979.17,4620.37,0,7.0,34,business,7.1,C,,,1
APP-0676,550,89924.02,18501.29,0,7.2,21,home,8.2,C,,,1
APP-0677,807,103114.08,5865.97,0,17.0,39,business,4.5,C,,,1
APP-0678,734,81490.27,15883.12,1,6.6,38,home,8.2,C,,,1
APP-0679,764,42820.4,12806.86,0,14.9,33,personal,8.8,A,,,1
APP-0680,714,62359.89,22545.51,0,9.0,35,home,9.6,C,,,1
APP-0681,548,51436.89,12513.69,1,2.2,38,home,7.6,B,,,0
APP-0682,602,34625.07,12309.63,0,7.7,40,business,9.0,C,,,1
APP-0683,694,60171.9,23270.18,0,6.4,40,business,4.1,B,,,1
APP-0684,540,30590.08,18340.01,0,1.6,34,education,10.0,B,,,0
APP-0685,714,88739.0,18133.19,0,8.8,41,car,8.1,B,,,1
APP-0686,628,42189.27,19877.94,0,7.1,33,home,9.5,A,,,0
APP-0687,616,56926.76,5969.76,1,9.8,44,personal,6.8,A,,,1
APP-0688,713,59070.0,23620.7,1,8.0,30,business,9.6,C,,,0
APP-0689,689,46281.23,21661.39,0,3.7,37,business,10.0,C,,,1
APP-0690,617,67711.49,8150.18,0,10.8,21,car,8.5,A,,,1
APP-0691,754,41994.43,12956.56,0,3.9,32,home,10.0,C,,,1
APP-0692,552,76963.21,14650.37,1,0.0,43,education,7.2,B,,,0
APP-0693,705,28376.26,13837.08,0,7.6,25,business,9.6,B,,,1
APP-0694,703,55042.99,18326.83,0,4.2,33,car,6.8,A,,,1
APP-0695,622,124432.3,35405.61,1,8.9,21,personal,8.5,C,,,0
APP-0696,679,33151.72,28706.12,1,17.0,21,home,9.9,B,,,0
APP-0697,537,38330.98,6825.86,0,17.1,24,car,7.7,B,,,1
APP-0698,733,65529.62,21786.54,0,6.2,38,home,7.6,B,,,1
APP-0699,633,56376.68,33295.1,0,2.9,40,home,9.1,A,,,0
APP-0700,602,60887.46,18918.41,0,9.9,36,home,10.0,B,,,1
APP-0701,744,64804.69,28865.25,0,5.1,32,car,10.0,A,,,1
APP-0702,586,69190.83,50169.76,2,9.0,32,car,8.5,A,,,0
APP-0703,523,85679.08,27723.38,0,3.7,44,business,6.3,B,,,0
APP-0704,509,62530.98,17420.29,0,8.3,39,car,9.2,C,,,1
APP-0705,704,46650.23,28081.28,0,2.9,33,car,10.0,B,,,0
APP-0706,534,70379.49,16362.35,1,12.9,51,home,6.3,A,,,0
APP-0707,807,122264.97,15216.68,0,4.1,58,home,6.0,B,,,1
APP-0708,462,48987.18,12148.45,0,10.3,23,business,10.0,C,,,1
APP-0709,802,33538.89,38324.84,0,0.7,42,home,9.8,B,,,0
APP-0710,668,85578.15,9179.69,0,10.9,70,business,7.5,C,,,1
APP-0711,641,49258.02,37617.56,0,2.2,40,education,9.6,B,,,0
APP-0712,600,19561.09,20246.23,0,8.3,38,car,10.0,C,,,0
APP-0713,685,76140.74,6478.35,1,12.1,36,car,8.4,A,,,1
APP-0714,646,40867.95,18702.17,0,6.0,42,home,9.2,A,,,0
APP-0715,749,49924.09,4254.74,1,1.9,45,home,10.0,A,,,1
APP-0716,660,60378.61,21831.52,0,9.5,23,business,8.5,B,,,1
APP-0717,663,56654.34,25513.02,0,2.8,36,education,10.0,C,,,0
APP-0718,617,71557.19,10513.25,0,5.0,21,home,10.0,C,,,1
APP-0719,644,42745.97,16154.18,0,8.3,34,car,8.0,A,,,1
APP-0720,677,65505.97,48450.6,1,13.8,27,car,6.9,A,,,0
APP-0721,496,46267.87,11074.02,0,7.1,40,education,9.9,A,,,1
APP-0722,528,72508.84,7946.29,0,7.1,21,home,6.7,A,,,1
APP-0723,716,68590.85,36490.36,0,10.7,31,home,6.8,B,,,1
APP-0724,665,34134.08,48696.27,2,7.3,47,car,6.5,C,,,0
APP-0725,633,84769.49,15033.3,1,10.2,29,education,7.8,C,,,1
APP-0726,651,40856.26,27520.41,1,12.4,21,personal,9.4,B,,,0
APP-0727,681,74803.88,33546.61,2,5.4,39,home,7.8,C,,,0
APP-0728,601,61345.57,9607.65,0,0.0,30,home,10.0,B,,,1
APP-0729,579,118917.07,11210.68,2,2.9,34,personal,9.5,A,,,0
APP-0730,667,47025.22,31392.69,1,13.0,28,home,10.0,B,,,0
APP-0731,561,44436.05,41225.57,0,6.8,58,education,9.4,B,,,0
APP-0732,686,51547.56,21026.4,0,5.3,21,car,10.0,B,,,1
APP-0733,496,45368.26,8847.74,0,12.8,68,education,9.8,A,,,1
APP-0734,742,74531.18,49416.62,1,6.5,32,car,8.9,A,,,0
APP-0735,692,25126.02,10907.69,1,0.0,39,personal,9.1,A,,,0
APP-0736,673,32365.29,12267.67,0,0.0,30,education,6.2,C,,,1
APP-0737,738,32160.29,18420.29,0,9.1,30,business,10.0,B,,,1
APP-0738,799,79748.84,38112.66,0,6.7,28,education,10.0,C,,,1
APP-0739,741,112282.69,25039.03,0,14.3,43,education,5.4,C,,,1
APP-0740,484,49612.44,19239.58,0,3.3,21,home,9.2,A,,,0
APP-0741,534,48195.9,19806.76,0,5.5,41,personal,10.0,B,,,0
APP-0742,593,53665.33,15396.79,0,2.6,21,personal,8.6,C,,,1
APP-0743,652,87714.65,20966.67,0,4.4,40,home,10.0,B,,,1
APP-0744,696,34258.5,3288.11,0,0.0,46,personal,9.4,C,,,1
APP-0745,584,57887.98,12554.58,2,5.1,22,education,8.2,A,,,0
APP-0746,666,80647.08,17337.01,0,6.7,44,home,10.0,A,,,1
APP-0747,582,65152.85,7519.06,0,6.3,37,home,7.4,C,,,1
APP-0748,594,56630.94,18912.9,1,17.7,54,car,8.0,C,,,0
APP-0749,523,81590.63,13268.16,0,16.2,27,car,7.1,C,,,1
APP-0750,566,18000.0,43005.83,0,3.2,67,car,8.3,B,,,0
APP-0751,528,70547.6,38546.37,0,0.0,21,home,8.9,C,,,0
APP-0752,562,38741.43,11342.61,0,6.5,33,home,8.7,C,,,1
APP-0753,744,22815.93,13702.08,1,8.9,21,home,10.0,C,,,0
APP-0754,564,65449.9,14349.02,0,2.7,57,personal,6.2,B,,,1
APP-0755,850,96485.24,11439.3,0,2.9,34,home,6.4,A,,,1
APP-0756,694,48881.15,16862.04,0,14.9,35,home,9.3,C,,,1
APP-0757,666,79841.01,9517.01,1,5.7,41,car,10.0,B,,,1
APP-0758,572,107422.42,7611.66,1,10.3,36,car,8.3,B,,,1
APP-0759,713,93968.09,21794.92,0,2.3,30,business,7.2,B,,,1
APP-0760,598,108769.15,21884.27,1,6.7,23,education,5.5,B,,,1
APP-0761,660,72617.15,9257.75,1,5.3,38,business,7.7,B,,,1
APP-0762,850,53795.45,25668.47,1,3.6,41,car,9.0,A,,,1
APP-0763,641,25288.74,10268.73,0,12.8,44,education,6.3,C,,,1
APP-0764,753,46549.47,17460.64,2,0.1,58,home,7.5,B,,,0
APP-0765,586,35579.97,24538.83,2,8.5,21,car,8.5,B,,,0
APP-0766,646,138126.23,14700.52,0,5.2,36,car,6.6,A,,,1
APP-0767,809,48042.94,19705.44,0,9.1,50,car,9.2,A,,,1
APP-0768,593,54964.41,11003.27,0,5.3,35,home,8.2,A,,,1
APP-0769,813,66647.14,13332.04,0,11.3,21,car,9.5,B,,,1
APP-0770,713,53030.37,13257.12,0,2.3,22,personal,9.3,A,,,1
APP-0771,599,111499.12,9584.08,0,12.8,40,home,7.1,C,,,1
APP-0772,706,39293.2,13490.5,0,6.9,40,car,10.0,A,,,1
APP-0773,737,56759.16,5923.21,0,0.4,44,car,9.9,A,,,1
APP-0774,705,37230.64,11171.41,0,10.4,28,education,7.3,A,,,1
APP-0775,508,28709.66,12643.27,0,6.0,39,car,9.7,A,,,0
APP-0776,584,39486.06,12862.84,1,0.0,26,personal,10.0,C,,,0
APP-0777,627,51140.52,12976.65,0,8.7,39,personal,10.0,C,,,1
APP-0778,643,42865.09,14454.3,0,12.0,37,car,9.9,B,,,1
APP-0779,705,38078.67,19999.66,0,13.4,27,home,9.2,A,,,1
APP-0780,665,27616.15,25349.54,0,5.1,54,car,10.0,A,,,0
APP-0781,529,50091.24,10157.28,0,7.7,21,education,10.0,B,,,1
APP-0782,684,26419.95,7287.28,0,7.3,35,home,10.0,C,,,1
APP-0783,704,73205.38,8027.1,0,14.4,27,home,9.0,A,,,1
APP-0784,700,53965.32,11197.92,0,2.9,57,car,8.7,B,,,1
APP-0785,747,26986.74,12144.76,2,4.7,43,education,7.8,B,,,0
APP-0786,725,45245.34,9450.36,0,2.8,29,home,9.1,A,,,1
APP-0787,691,37068.71,6892.13,0,0.0,33,car,8.5,B,,,1
APP-0788,643,60031.67,11408.72,0,8.2,57,education,7.9,A,,,1
APP-0789,500,95054.12,16725.03,1,15.0,26,education,10.0,C,,,0
APP-0790,688,22363.19,21435.92,1,6.0,21,personal,10.0,A,,,0
APP-0791,668,54762.49,10735.93,1,2.6,40,car,6.5,B,,,1
APP-0792,674,48384.72,11707.76,1,7.9,40,business,7.6,A,,,1
APP-0793,535,70340.43,8602.31,0,9.9,44,education,8.2,C,,,1
APP-0794,552,57235.95,14719.7,0,6.2,44,car,8.1,A,,,1
APP-0795,744,37071.84,9015.93,0,14.0,56,education,10.0,C,,,1
APP-0796,646,45045.34,21156.07,3,2.9,21,home,7.5,C,,,0
APP-0797,711,36344.11,5137.31,1,5.6,23,personal,10.0,C,,,1
APP-0798,652,84389.83,12088.72,0,8.5,44,car,8.3,B,,,1
APP-0799,652,52501.09,17970.2,0,9.0,24,education,8.6,B,,,1
APP-0800,734,122337.0,16749.21,0,7.2,21,home,7.4,A,,,1
APP-0801,603,50599.74,75480.2,0,0.6,57,personal,8.6,A,,,0
APP-0802,658,37805.73,18502.95,0,18.7,21,home,6.5,B,,,1
APP-0803,608,26313.24,8212.17,0,5.8,33,personal,9.8,A,,,1
APP-0804,610,23099.96,14164.96,1,7.6,36,personal,9.4,C,,,0
APP-0805,622,25492.46,5167.05,0,10.1,51,home,8.4,A,,,1
APP-0806,669,58641.97,14291.86,0,3.8,21,business,10.0,B,,,1
APP-0807,606,65376.96,9099.47,0,7.3,41,personal,9.8,B,,,1
APP-0808,763,25526.26,25978.89,0,3.6,27,home,10.0,B,,,0
APP-0809,569,77789.85,10786.83,0,9.1,43,home,9.8,B,,,1
APP-0810,633,41840.56,13985.07,0,5.6,27,home,8.4,A,,,1
APP-0811,610,55550.95,10244.24,0,8.3,54,home,7.7,B,,,1
APP-0812,780,107419.64,42578.99,0,1.8,27,car,7.0,A,,,1
APP-0813,667,77852.92,12370.38,1,2.9,21,car,7.5,C,,,1
APP-0814,742,46081.19,45041.51,0,0.2,28,home,9.5,C,,,0
APP-0815,516,34820.53,24447.83,1,3.4,34,home,7.3,C,,,0
APP-0816,674,19745.52,20031.18,0,0.0,48,car,10.0,A,,,0
APP-0817,730,37623.34,18714.34,1,5.5,23,personal,9.6,A,,,0
APP-0818,657,47286.99,18997.9,0,4.3,23,education,10.0,A,,,1
APP-0819,745,33348.5,4718.29,0,7.8,47,car,7.9,A,,,1
APP-0820,603,49017.53,12688.81,0,7.2,21,education,9.6,A,,,1
APP-0821,776,53829.79,24906.9,0,13.3,35,education,10.0,B,,,1
APP-0822,850,46995.81,14566.32,0,20.0,35,personal,8.0,A,,,1
APP-0823,617,38812.51,6455.52,0,12.7,39,car,8.1,B,,,1
APP-0824,609,56100.14,14535.7,0,4.7,28,car,10.0,C,,,1
APP-0825,780,63441.42,41700.52,0,4.5,26,personal,7.4,B,,,1
APP-0826,792,31834.93,31695.83,0,11.3,40,personal,9.3,A,,,0
APP-0827,602,98117.26,14452.22,0,0.0,27,education,10.0,A,,,1
APP-0828,612,49743.46,26547.08,0,5.4,22,business,7.9,B,,,0
APP-0829,624,52442.96,12038.94,0,5.8,50,car,10.0,A,,,1
APP-0830,528,71517.36,5396.37,1,9.9,42,home,8.2,B,,,1
APP-0831,567,57753.91,8613.84,0,10.1,56,car,7.3,A,,,1
APP-0832,559,79850.43,38312.78,0,3.3,45,car,9.4,C,,,0
APP-0833,580,59172.07,12726.09,0,4.9,23,business,9.1,C,,,1
APP-0834,646,39474.18,12961.97,1,9.2,38,car,9.5,B,,,0
APP-0835,671,61186.12,12530.27,1,3.0,25,home,7.8,A,,,1
APP-0836,789,31080.07,47018.08,1,13.0,21,personal,9.8,A,,,0
APP-0837,560,54603.37,39790.39,1,10.0,32,car,6.0,C,,,0
APP-0838,738,51228.2,56787.62,0,7.9,47,personal,9.5,B,,,0
APP-0839,630,47351.15,13634.77,0,9.0,40,personal,10.0,A,,,1
APP-0840,645,49077.56,17911.18,0,4.7,21,education,6.6,A,,,1
APP-0841,710,22296.1,6037.95,1,3.9,31,car,9.3,A,,,1
APP-0842,548,40622.31,36386.97,0,4.9,35,home,8.1,C,,,0
APP-0843,684,54218.59,7443.81,1,9.5,21,home,6.8,A,,,1
APP-0844,664,55878.47,17083.54,1,8.0,44,home,6.0,B,,,0
APP-0845,694,32746.3,7765.33,0,4.9,34,home,7.9,B,,,1
APP-0846,676,91910.22,10535.29,1,10.7,21,personal,7.8,B,,,1
APP-0847,850,35214.75,9076.54,0,6.1,21,car,10.0,C,,,1
APP-0848,592,80439.03,10415.81,0,3.5,49,business,6.2,C,,,1
APP-0849,602,63021.83,10854.47,0,8.3,32,car,9.3,B,,,1
APP-0850,593,38878.5,10795.06,1,1.9,50,education,9.8,A,,,0
APP-0851,600,115599.73,24730.83,0,0.0,54,personal,10.0,B,,,1
APP-0852,592,30389.8,7730.18,0,7.0,48,home,10.0,B,,,1
APP-0853,757,78638.63,17122.19,1,3.7,31,car,9.4,B,,,1
APP-0854,777,81573.61,31150.36,0,5.7,21,education,9.5,B,,,1
APP-0855,598,38454.07,11024.64,0,2.2,40,education,8.1,A,,,1
APP-0856,575,97305.27,9750.31,1,13.0,60,education,7.2,B,,,1
APP-0857,692,46466.09,13062.37,1,3.7,36,home,10.0,A,,,0
APP-0858,600,59213.87,30443.89,0,4.8,21,home,5.9,C,,,0
APP-0859,706,58462.68,16852.77,0,8.9,29,personal,8.0,A,,,1
APP-0860,668,48950.27,10906.09,1,0.1,34,personal,7.2,B,,,1
APP-0861,513,74896.52,20052.95,2,0.0,24,home,8.9,A,,,0
APP-0862,789,74315.06,7742.12,1,8.9,21,business,8.0,B,,,1
APP-0863,811,23674.64,22575.51,1,4.8,35,home,10.0,B,,,0
APP-0864,594,93522.01,19167.47,0,2.5,28,home,8.0,A,,,1
APP-0865,615,24609.25,12470.49,0,10.0,56,car,7.5,C,,,1
APP-0866,675,82755.42,9069.33,0,2.9,38,home,6.1,B,,,1
APP-0867,680,86337.24,8811.36,0,5.6,42,home,8.3,B,,,1
APP-0868,709,31826.8,20675.32,1,2.5,35,car,8.5,A,,,0
APP-0869,830,43223.2,31357.03,0,8.5,38,home,8.6,B,,,0
APP-0870,634,31616.42,10233.49,0,13.7,21,business,10.0,B,,,1
APP-0871,578,47206.39,19748.59,1,0.0,25,education,10.0,B,,,0
APP-0872,525,45269.26,4288.06,0,7.6,48,education,10.0,B,,,1
APP-0873,584,73854.06,10562.18,0,11.3,39,personal,8.1,B,,,1
APP-0874,647,93773.53,14723.06,1,4.9,32,car,7.2,A,,,1
APP-0875,811,97446.3,8690.58,0,1.3,42,education,8.6,A,,,1
APP-0876,603,40377.31,8551.84,1,9.1,42,business,8.6,A,,,1
APP-0877,670,47327.61,10048.09,1,12.0,58,home,8.5,A,,,0
APP-0878,648,24378.38,17874.33,0,11.5,38,home,9.5,B,,,0
APP-0879,756,36183.46,13405.34,1,8.8,25,car,10.0,C,,,1
APP-0880,850,80272.49,3916.16,1,7.5,35,personal,9.5,A,,,1
APP-0881,602,107582.28,4202.29,0,2.5,43,home,9.0,C,,,1
APP-0882,605,29838.12,10422.13,0,11.3,47,personal,10.0,B,,,1
APP-0883,743,39830.57,19740.3,0,11.0,21,education,10.0,C,,,1
APP-0884,711,51385.76,3000.0,0,1.3,39,education,7.5,B,,,1
APP-0885,816,58986.95,11114.07,0,8.8,27,business,10.0,B,,,1
APP-0886,702,36122.72,10938.64,1,10.3,30,education,10.0,A,,,1
APP-0887,617,62933.03,34503.23,0,11.4,46,home,9.9,A,,,0
APP-0888,703,42014.55,11905.94,1,6.6,45,home,9.1,A,,,1
APP-0889,749,51662.91,18875.1,0,2.7,29,business,10.0,B,,,1
APP-0890,723,66491.33,16326.74,1,4.5,35,home,8.8,A,,,0
APP-0891,695,52150.5,4177.49,1,2.0,31,home,7.7,C,,,1
APP-0892,746,42728.67,23783.08,1,6.7,68,car,8.3,A,,,0
APP-0893,755,49497.36,17069.41,0,5.8,40,personal,10.0,C,,,1
APP-0894,774,49972.88,20348.59,0,17.7,27,car,7.8,A,,,1
APP-0895,708,44024.17,80000.0,0,11.5,51,education,8.1,A,,,0
APP-0896,634,46283.5,4295.56,1,11.8,51,home,10.0,A,,,1
APP-0897,663,106765.51,42218.91,0,9.4,56,home,8.0,B,,,1
APP-0898,758,66930.68,12623.77,1,5.2,59,education,9.6,A,,,1
APP-0899,576,45525.73,17822.25,0,5.6,44,car,7.5,C,,,1
APP-0900,683,71155.9,14595.93,0,6.1,33,education,9.5,A,,,1
APP-0901,614,44747.02,11629.07,1,7.9,34,business,8.3,A,,,0
APP-0902,652,88159.69,10656.29,1,8.9,33,business,6.7,C,,,1
APP-0903,765,61410.62,18279.05,1,7.0,32,car,8.2,A,,,1
APP-0904,667,49548.79,6036.03,0,5.5,50,personal,10.0,C,,,1
APP-0905,654,63606.54,23532.86,0,4.0,37,education,8.3,C,,,1
APP-0906,527,25645.02,11685.32,0,0.0,47,personal,10.0,A,,,0
APP-0907,717,31318.17,7614.15,1,13.4,44,home,6.6,A,,,1
APP-0908,708,30385.86,11450.6,0,18.0,24,home,7.4,A,,,1
APP-0909,844,55454.79,31891.51,0,13.0,21,personal,10.0,C,,,1
APP-0910,622,113394.79,10879.16,0,0.7,23,personal,10.0,B,,,1
APP-0911,669,141929.26,18599.27,0,10.9,32,home,5.6,B,,,1
APP-0912,672,69294.58,9674.33,0,12.1,38,home,8.8,C,,,1
APP-0913,791,65145.53,23636.76,0,5.0,29,home,9.9,A,,,1
APP-0914,641,23121.61,22631.77,1,9.4,44,home,9.5,C,,,0
APP-0915,675,40733.08,45477.4,0,4.7,31,home,9.7,B,,,0
APP-0916,704,36479.16,13500.3,1,14.6,39,home,9.6,B,,,0
APP-0917,666,39325.07,22404.08,1,8.8,38,personal,7.2,C,,,0
APP-0918,609,48210.6,15909.09,0,2.4,56,car,8.7,B,,,1
APP-0919,667,42047.63,32641.13,0,10.3,26,education,9.4,A,,,0
APP-0920,746,21339.48,9744.97,1,12.3,61,car,10.0,B,,,0
APP-0921,557,72806.36,23454.29,0,8.0,30,home,6.0,B,,,1
APP-0922,661,32088.87,13346.2,0,9.4,22,car,10.0,A,,,1
APP-0923,586,57910.85,14433.29,0,6.7,34,home,9.2,C,,,1
APP-0924,757,132235.04,15848.93,0,1.3,70,business,5.6,A,,,1
APP-0925,512,34381.57,17450.96,0,6.2,46,personal,10.0,B,,,0
APP-0926,599,18000.0,13989.58,0,9.6,43,car,9.5,B,,,0
APP-0927,683,45720.27,17062.42,0,6.4,45,home,8.9,A,,,1
APP-0928,790,85342.75,38664.47,2,11.0,28,home,9.3,C,,,0
APP-0929,644,125524.39,27094.21,1,5.0,40,personal,10.0,C,,,0
APP-0930,600,29902.63,25268.11,0,5.4,37,business,10.0,B,,,0
APP-0931,819,65024.13,11412.7,0,11.2,56,home,10.0,A,,,1
APP-0932,519,42176.11,8797.84,0,8.1,35,education,7.9,A,,,1
APP-0933,452,49578.98,26608.5,0,4.9,32,business,9.3,A,,,0
APP-0934,689,170920.45,25372.81,0,12.2,24,car,5.4,A,,,1
APP-0935,604,26440.77,36294.01,0,3.6,38,home,10.0,B,,,0
APP-0936,558,58289.77,10440.18,0,3.4,40,personal,10.0,C,,,1
APP-0937,713,64180.9,13070.02,0,0.0,23,business,10.0,B,,,1
APP-0938,671,84762.02,5608.93,0,4.2,41,home,5.1,C,,,1
APP-0939,599,54344.1,11852.84,1,13.5,39,home,8.1,B,,,0
APP-0940,534,59731.91,27275.6,0,0.0,48,home,10.0,B,,,0
APP-0941,728,43597.59,11337.92,0,2.2,50,home,7.3,C,,,1
APP-0942,708,58694.78,22028.52,0,9.2,38,education,10.0,B,,,1
APP-0943,641,44558.69,13379.83,0,0.0,25,home,10.0,C,,,1
APP-0944,816,68782.62,18219.35,0,4.4,27,education,8.7,A,,,1
APP-0945,553,44032.11,7534.07,0,12.7,56,personal,7.2,A,,,1
APP-0946,512,61617.07,15786.83,0,17.2,38,car,8.7,C,,,1
APP-0947,587,51319.74,3000.0,2,8.5,56,home,10.0,B,,,0
APP-0948,645,86311.8,13408.82,0,2.4,42,home,10.0,C,,,1
APP-0949,671,50811.19,5639.34,1,2.2,45,education,9.5,C,,,1
APP-0950,628,23415.05,30927.54,0,7.7,47,car,8.4,A,,,0
APP-0951,681,91753.75,23914.73,0,8.4,23,education,10.0,B,,,1
APP-0952,537,34593.44,19847.0,1,16.3,40,personal,10.0,A,,,0
APP-0953,779,38746.83,37361.99,0,11.9,23,home,8.1,B,,,0
APP-0954,642,39773.31,8488.4,1,7.4,33,personal,10.0,C,,,1
APP-0955,750,96519.09,42797.0,0,5.3,44,personal,8.5,A,,,1
APP-0956,680,19889.47,26242.1,1,22.1,25,car,9.0,B,,,0
APP-0957,691,213413.28,13015.19,0,10.1,43,car,5.7,B,,,1
APP-0958,701,83635.6,29648.82,0,3.7,21,personal,10.0,A,,,1
APP-0959,690,57495.19,7723.55,0,5.9,49,personal,8.6,C,,,1
APP-0960,707,50731.22,9146.23,0,2.6,29,car,10.0,B,,,1
APP-0961,769,59130.27,10411.35,0,0.0,25,car,6.3,C,,,1
APP-0962,667,65742.71,10920.74,0,8.6,21,car,10.0,A,,,1
APP-0963,713,69518.35,7957.51,1,15.9,30,personal,8.8,A,,,1
APP-0964,641,66770.79,31246.27,0,0.0,21,car,10.0,B,,,0
APP-0965,779,54139.01,12842.21,0,7.3,30,home,9.4,A,,,1
APP-0966,589,47581.38,18533.0,1,3.5,49,business,8.0,C,,,0
APP-0967,812,48578.0,10652.98,0,9.6,34,car,9.2,A,,,1
APP-0968,646,47633.44,5031.35,0,6.1,24,education,6.4,C,,,1
APP-0969,521,86612.16,17638.51,0,0.2,39,home,9.3,B,,,1
APP-0970,661,67920.93,4762.14,0,2.1,38,personal,9.0,A,,,1
APP-0971,588,18000.0,14394.84,1,2.8,58,home,9.7,A,,,0
APP-0972,725,69853.42,6599.94,0,13.7,45,education,9.8,B,,,1
APP-0973,591,56762.45,49422.99,0,13.5,40,education,9.1,B,,,0
APP-0974,609,51564.05,25916.19,1,5.4,46,car,10.0,A,,,0
APP-0975,479,43659.04,15982.63,0,13.1,35,car,10.0,C,,,1
APP-0976,609,86236.58,32017.23,0,6.1,36,home,7.5,A,,,0
APP-0977,431,79649.09,9027.37,0,5.4,55,home,7.2,B,,,1
APP-0978,507,36724.67,20783.05,0,7.3,21,business,6.9,B,,,0
APP-0979,718,62453.19,16910.53,0,8.4,47,business,9.1,A,,,1
APP-0980,720,33582.27,17574.73,0,4.2,35,home,10.0,C,,,1
APP-0981,688,27949.95,32183.77,0,7.1,33,education,7.8,A,,,0
APP-0982,562,39221.34,23278.86,0,10.9,30,education,10.0,A,,,0
APP-0983,645,76655.46,17837.17,0,7.6,38,business,7.3,A,,,1
APP-0984,649,79850.01,5557.33,0,7.2,36,home,5.3,B,,,1
APP-0985,545,65505.37,8431.9,3,9.5,32,home,10.0,B,,,0
APP-0986,785,72062.72,13935.3,0,10.3,29,home,5.7,B,,,1
APP-0987,728,65596.61,15864.34,0,6.7,21,home,10.0,A,,,1
APP-0988,630,38961.62,7613.54,0,4.6,29,home,10.0,A,,,1
APP-0989,652,63156.06,63755.55,0,7.9,31,home,9.4,C,,,0
APP-0990,668,74546.87,37258.74,0,0.0,38,car,7.8,A,,,0
APP-0991,466,73015.72,21527.28,0,5.9,58,education,9.4,C,,,1
APP-0992,627,88788.29,15662.55,1,0.0,30,car,9.8,A,,,1
APP-0993,588,71520.24,13206.71,0,0.0,25,car,7.2,C,,,1
APP-0994,559,60909.88,8473.12,1,0.0,29,home,10.0,A,,,0
APP-0995,624,84167.71,15713.79,0,12.2,38,car,9.7,B,,,1
APP-0996,811,51383.09,17508.77,1,7.1,43,education,9.6,A,,,1
APP-0997,707,34966.84,7120.61,0,0.7,45,home,8.8,A,,,1
APP-0998,598,48320.87,18330.31,0,9.5,46,home,10.0,A,,,1
APP-0999,701,37189.91,13665.78,0,11.9,47,home,10.0,A,,,1
